Id,Tag,
0,Romance,
0,Comedy,
1,Romance,
1,Comedy,
1,Drama,
2,Romance,
2,Drama,
3,Romance,
3,Comedy,
4,Romance,
4,Comedy,
4,Adventure,
5,Romance,
5,Comedy,
5,Drama,
6,Romance,
6,Comedy,
6,Adventure,
7,Romance,
7,Drama,
8,Romance,
8,Comedy,
8,Drama,
9,Romance,
9,Comedy,
10,Romance,
10,Drama,
11,Romance,
11,Drama,
12,Romance,
12,Drama,
13,Romance,
13,Drama,
14,Romance,
14,Comedy,
14,Adventure,
15,Romance,
15,Drama,
16,Romance,
16,Comedy,
16,Drama,
17,Romance,
17,Comedy,
17,Drama,
18,Romance,
18,Comedy,
18,Adventure,
18,Drama,
19,Romance,
19,Drama,
20,Romance,
20,Comedy,
20,Drama,
21,Romance,
21,Drama,
22,Romance,
22,Comedy,
22,Crime,
22,Drama,
23,Romance,
23,Comedy,
23,Crime,
24,Romance,
24,Adventure,
24,Drama,
25,Romance,
25,Drama,
26,Romance,
26,Comedy,
26,Adventure,
26,Action,
26,Thriller,
27,Romance,
27,Comedy,
28,Romance,
28,Drama,
29,Romance,
29,Comedy,
29,Drama,
30,Romance,
30,Action,
30,Drama,
31,Romance,
31,Comedy,
32,Romance,
32,Comedy,
33,Romance,
33,Thriller,
33,Crime,
33,Drama,
34,Romance,
34,Comedy,
34,Drama,
35,Romance,
35,Drama,
36,Romance,
36,Comedy,
36,Drama,
37,Romance,
37,Drama,
38,Romance,
38,Drama,
39,Romance,
39,Comedy,
39,Action,
39,Drama,
40,Romance,
40,Thriller,
40,Drama,
41,Romance,
41,Drama,
42,Romance,
42,Mystery,
42,Thriller,
43,Romance,
43,Drama,
44,Romance,
44,Thriller,
45,Romance,
45,Crime,
45,Drama,
46,Romance,
46,Thriller,
46,Crime,
46,Drama,
47,Romance,
47,Comedy,
47,Thriller,
48,Romance,
48,Comedy,
48,Thriller,
48,Crime,
48,Drama,
49,Romance,
49,Comedy,
49,Adventure,
49,Action,
49,Thriller,
49,Drama,
50,Romance,
50,Thriller,
51,Romance,
51,Comedy,
52,Romance,
52,Comedy,
52,Drama,
53,Romance,
53,Drama,
54,Romance,
54,Drama,
55,Romance,
55,Adventure,
55,Action,
55,Drama,
56,Romance,
56,Comedy,
57,Romance,
57,Comedy,
57,Drama,
58,Romance,
58,Comedy,
58,Drama,
59,Romance,
59,Adventure,
59,Action,
59,Drama,
60,Romance,
60,Drama,
61,Romance,
61,Drama,
62,Romance,
62,Thriller,
62,Drama,
63,Romance,
63,Drama,
64,Romance,
64,Drama,
65,Romance,
65,Action,
65,Thriller,
65,Crime,
66,Romance,
66,Comedy,
67,Romance,
67,Comedy,
68,Romance,
68,Drama,
69,Romance,
69,Comedy,
69,Thriller,
69,Crime,
70,Romance,
70,Comedy,
71,Romance,
71,Comedy,
71,Drama,
72,Romance,
72,Comedy,
72,Crime,
73,Romance,
73,Horror,
73,Thriller,
73,Crime,
73,Drama,
74,Romance,
74,Comedy,
74,Drama,
75,Romance,
75,Comedy,
76,Romance,
76,Adventure,
77,Romance,
77,Action,
77,Thriller,
77,Crime,
78,Romance,
78,Drama,
79,Romance,
79,Drama,
80,Romance,
80,Comedy,
81,Romance,
81,Comedy,
82,Romance,
82,Comedy,
82,Drama,
83,Romance,
83,Comedy,
84,Romance,
84,Drama,
85,Romance,
85,Thriller,
85,Drama,
86,Romance,
86,Adventure,
87,Romance,
87,Drama,
88,Romance,
88,Comedy,
89,Romance,
89,Comedy,
89,Action,
89,Crime,
89,Drama,
90,Romance,
90,Drama,
91,Romance,
91,Comedy,
91,Adventure,
92,Romance,
92,Crime,
92,Drama,
93,Romance,
93,Comedy,
93,Drama,
94,Romance,
94,Horror,
94,Thriller,
94,Drama,
95,Romance,
95,Comedy,
95,Drama,
96,Romance,
96,Horror,
96,Drama,
97,Romance,
97,Comedy,
97,Drama,
98,Romance,
98,Comedy,
98,Adventure,
98,Action,
99,Romance,
99,Drama,
100,Romance,
100,Comedy,
100,Drama,
101,Romance,
101,Drama,
102,Romance,
102,Comedy,
103,Romance,
103,Comedy,
103,Drama,
104,Romance,
104,Comedy,
104,Drama,
105,Romance,
105,Comedy,
106,Romance,
106,Mystery,
106,Drama,
107,Romance,
107,Comedy,
107,Drama,
108,Romance,
108,Comedy,
108,Drama,
109,Romance,
109,Comedy,
109,Drama,
110,Romance,
110,Comedy,
111,Romance,
111,Horror,
111,Action,
111,Thriller,
111,Drama,
112,Romance,
112,Comedy,
112,Drama,
113,Romance,
113,Drama,
114,Romance,
114,Comedy,
114,Drama,
115,Romance,
115,Mystery,
116,Romance,
116,Comedy,
117,Romance,
117,Drama,
118,Romance,
118,Comedy,
119,Romance,
119,Action,
119,Drama,
120,Romance,
120,Drama,
121,Romance,
121,Comedy,
122,Romance,
122,Comedy,
122,Drama,
123,Romance,
123,Crime,
123,Drama,
124,Romance,
124,Comedy,
125,Romance,
125,Comedy,
125,Drama,
126,Romance,
126,Drama,
127,Romance,
127,Drama,
128,Romance,
128,Drama,
129,Romance,
129,Mystery,
129,Drama,
130,Romance,
130,Comedy,
131,Romance,
131,Comedy,
131,Drama,
132,Romance,
132,Action,
132,Thriller,
133,Romance,
133,Drama,
134,Romance,
134,Drama,
135,Romance,
135,Drama,
136,Romance,
136,Comedy,
136,Drama,
137,Romance,
137,Drama,
138,Romance,
138,Drama,
139,Romance,
139,Drama,
140,Romance,
140,Comedy,
140,Drama,
141,Romance,
141,Comedy,
142,Romance,
142,Comedy,
142,Drama,
143,Romance,
143,Comedy,
143,Crime,
144,Romance,
144,Comedy,
145,Romance,
145,Mystery,
145,Horror,
145,Thriller,
145,Drama,
146,Romance,
146,Comedy,
147,Romance,
147,Comedy,
147,Action,
147,Crime,
148,Romance,
148,Drama,
149,Romance,
149,Thriller,
149,Drama,
150,Romance,
150,Drama,
151,Romance,
151,Comedy,
152,Romance,
152,Comedy,
152,Drama,
153,Romance,
153,Drama,
154,Romance,
154,Comedy,
154,Drama,
155,Romance,
155,Drama,
156,Romance,
156,Drama,
157,Romance,
157,Comedy,
157,Drama,
158,Romance,
158,Comedy,
158,Drama,
159,Romance,
159,Drama,
160,Romance,
160,Comedy,
161,Romance,
161,Comedy,
161,Drama,
162,Romance,
162,Comedy,
162,Drama,
163,Romance,
163,Crime,
163,Drama,
164,Romance,
164,Comedy,
164,Adventure,
164,Crime,
164,Drama,
165,Romance,
165,Drama,
166,Romance,
166,Action,
166,Thriller,
166,Drama,
167,Romance,
167,Comedy,
168,Romance,
168,Comedy,
168,Drama,
169,Romance,
169,Comedy,
170,Romance,
170,Comedy,
171,Romance,
171,Horror,
171,Thriller,
171,Drama,
172,Romance,
172,Comedy,
172,Drama,
173,Romance,
173,Mystery,
173,Thriller,
174,Romance,
174,Comedy,
174,Drama,
175,Romance,
175,Comedy,
176,Romance,
176,Comedy,
177,Romance,
177,Comedy,
178,Romance,
178,Comedy,
178,Drama,
179,Romance,
179,Comedy,
179,Horror,
180,Romance,
180,Thriller,
180,Crime,
180,Drama,
181,Romance,
181,Action,
182,Romance,
182,Comedy,
182,Drama,
183,Romance,
183,Mystery,
183,Thriller,
183,Crime,
183,Drama,
184,Romance,
184,Mystery,
184,Comedy,
184,Thriller,
185,Romance,
185,Comedy,
185,Drama,
186,Romance,
186,Comedy,
186,Drama,
187,Romance,
187,Drama,
188,Romance,
188,Drama,
189,Romance,
189,Drama,
190,Romance,
190,Drama,
191,Romance,
191,Thriller,
191,Drama,
192,Mystery,
192,Horror,
193,Mystery,
193,Comedy,
193,Crime,
194,Mystery,
194,Horror,
194,Thriller,
194,Drama,
195,Mystery,
195,Adventure,
196,Mystery,
196,Horror,
196,Thriller,
197,Mystery,
197,Horror,
197,Thriller,
197,Crime,
198,Mystery,
198,Drama,
199,Mystery,
199,Action,
199,Thriller,
199,Drama,
200,Mystery,
200,Horror,
201,Mystery,
201,Crime,
201,Drama,
202,Mystery,
202,Thriller,
203,Mystery,
203,Thriller,
204,Mystery,
204,Thriller,
205,Mystery,
205,Adventure,
205,Drama,
206,Mystery,
206,Horror,
206,Thriller,
207,Mystery,
207,Thriller,
207,Drama,
208,Mystery,
208,Thriller,
208,Crime,
209,Mystery,
209,Drama,
210,Mystery,
210,Thriller,
210,Drama,
211,Mystery,
211,Thriller,
211,Drama,
212,Mystery,
212,Action,
212,Thriller,
212,Crime,
212,Drama,
213,Mystery,
213,Horror,
213,Thriller,
214,Mystery,
214,Drama,
215,Mystery,
215,Thriller,
215,Drama,
216,Mystery,
216,Horror,
216,Thriller,
216,Crime,
217,Mystery,
217,Thriller,
217,Crime,
218,Mystery,
218,Thriller,
219,Mystery,
219,Horror,
219,Thriller,
220,Mystery,
220,Crime,
220,Drama,
221,Mystery,
221,Horror,
221,Thriller,
222,Mystery,
222,Adventure,
222,Action,
222,Thriller,
223,Mystery,
223,Thriller,
223,Drama,
224,Mystery,
224,Horror,
224,Thriller,
225,Mystery,
225,Comedy,
225,Horror,
226,Mystery,
226,Adventure,
226,Action,
226,Thriller,
226,Drama,
227,Mystery,
227,Horror,
227,Thriller,
227,Drama,
228,Mystery,
228,Comedy,
228,Horror,
229,Mystery,
229,Adventure,
230,Mystery,
230,Thriller,
230,Crime,
230,Drama,
231,Mystery,
231,Comedy,
231,Horror,
232,Mystery,
232,Action,
232,Thriller,
232,Crime,
232,Drama,
233,Mystery,
233,Horror,
233,Thriller,
233,Drama,
234,Mystery,
234,Thriller,
235,Mystery,
235,Thriller,
235,Crime,
236,Mystery,
236,Action,
236,Thriller,
236,Crime,
236,Drama,
237,Mystery,
237,Thriller,
237,Drama,
238,Mystery,
238,Thriller,
238,Crime,
238,Drama,
239,Mystery,
239,Action,
239,Thriller,
240,Mystery,
240,Thriller,
241,Mystery,
241,Horror,
241,Thriller,
241,Drama,
242,Mystery,
242,Thriller,
242,Crime,
243,Mystery,
243,Horror,
243,Drama,
244,Mystery,
244,Comedy,
244,Horror,
244,Thriller,
245,Mystery,
245,Horror,
245,Thriller,
246,Mystery,
246,Thriller,
246,Drama,
247,Mystery,
247,Crime,
247,Drama,
248,Mystery,
248,Adventure,
248,Action,
249,Mystery,
249,Thriller,
250,Mystery,
250,Thriller,
250,Crime,
250,Drama,
251,Mystery,
251,Action,
251,Thriller,
251,Crime,
251,Drama,
252,Mystery,
252,Horror,
252,Thriller,
253,Mystery,
253,Thriller,
253,Crime,
254,Mystery,
254,Action,
254,Crime,
255,Mystery,
255,Horror,
255,Thriller,
256,Mystery,
256,Drama,
257,Mystery,
257,Action,
257,Thriller,
257,Drama,
258,Mystery,
258,Horror,
258,Thriller,
259,Mystery,
259,Drama,
260,Mystery,
260,Thriller,
261,Mystery,
261,Horror,
261,Thriller,
262,Mystery,
262,Horror,
262,Thriller,
263,Mystery,
263,Horror,
263,Thriller,
264,Mystery,
264,Thriller,
264,Crime,
264,Drama,
265,Mystery,
265,Crime,
265,Drama,
266,Mystery,
266,Horror,
266,Thriller,
267,Mystery,
267,Adventure,
267,Action,
267,Thriller,
267,Drama,
268,Mystery,
268,Thriller,
268,Crime,
268,Drama,
269,Mystery,
269,Thriller,
270,Mystery,
270,Thriller,
270,Crime,
270,Drama,
271,Mystery,
271,Thriller,
271,Drama,
272,Mystery,
272,Adventure,
272,Action,
272,Thriller,
272,Crime,
273,Mystery,
273,Horror,
273,Thriller,
274,Mystery,
274,Crime,
274,Drama,
275,Mystery,
275,Thriller,
275,Drama,
276,Mystery,
276,Comedy,
276,Thriller,
276,Crime,
277,Mystery,
277,Thriller,
277,Crime,
278,Mystery,
278,Adventure,
278,Action,
278,Thriller,
279,Mystery,
279,Comedy,
279,Drama,
280,Mystery,
280,Horror,
280,Thriller,
281,Mystery,
281,Horror,
281,Thriller,
281,Drama,
282,Mystery,
282,Thriller,
282,Crime,
282,Drama,
283,Mystery,
283,Comedy,
283,Thriller,
284,Mystery,
284,Comedy,
284,Drama,
285,Mystery,
285,Adventure,
285,Action,
285,Thriller,
285,Crime,
286,Mystery,
286,Horror,
286,Thriller,
286,Crime,
286,Drama,
287,Mystery,
287,Thriller,
287,Drama,
288,Mystery,
288,Adventure,
288,Action,
288,Thriller,
289,Mystery,
289,Thriller,
289,Crime,
289,Drama,
290,Mystery,
290,Horror,
290,Thriller,
291,Comedy,
291,Action,
292,Comedy,
292,Drama,
293,Comedy,
294,Comedy,
295,Comedy,
295,Drama,
296,Comedy,
297,Comedy,
298,Comedy,
298,Drama,
299,Comedy,
299,Thriller,
300,Comedy,
300,Adventure,
300,Action,
301,Comedy,
301,Adventure,
302,Comedy,
302,Adventure,
303,Comedy,
303,Action,
304,Comedy,
304,Horror,
304,Action,
304,Thriller,
305,Comedy,
305,Adventure,
305,Horror,
305,Action,
306,Comedy,
307,Comedy,
307,Thriller,
307,Crime,
308,Comedy,
309,Comedy,
310,Comedy,
310,Action,
311,Comedy,
311,Thriller,
311,Crime,
312,Comedy,
312,Horror,
313,Comedy,
314,Comedy,
314,Action,
314,Crime,
315,Comedy,
316,Comedy,
317,Comedy,
317,Drama,
318,Comedy,
318,Thriller,
318,Crime,
319,Comedy,
319,Drama,
320,Comedy,
320,Drama,
321,Comedy,
321,Adventure,
321,Action,
322,Comedy,
322,Drama,
323,Comedy,
323,Adventure,
324,Comedy,
324,Horror,
324,Action,
325,Comedy,
326,Comedy,
327,Comedy,
328,Comedy,
328,Drama,
329,Comedy,
329,Crime,
329,Drama,
330,Comedy,
330,Action,
330,Thriller,
330,Crime,
331,Comedy,
331,Crime,
332,Comedy,
332,Drama,
333,Comedy,
333,Thriller,
333,Drama,
334,Comedy,
335,Comedy,
335,Horror,
335,Thriller,
336,Comedy,
337,Comedy,
337,Adventure,
337,Action,
338,Comedy,
338,Drama,
339,Comedy,
339,Thriller,
339,Drama,
340,Comedy,
340,Drama,
341,Comedy,
341,Action,
341,Crime,
341,Drama,
342,Comedy,
342,Drama,
343,Comedy,
344,Comedy,
344,Action,
344,Thriller,
344,Crime,
344,Drama,
345,Comedy,
345,Action,
346,Comedy,
346,Drama,
347,Comedy,
347,Crime,
348,Comedy,
348,Drama,
349,Comedy,
349,Thriller,
349,Drama,
350,Comedy,
350,Crime,
350,Drama,
351,Comedy,
351,Horror,
352,Comedy,
353,Comedy,
354,Comedy,
354,Drama,
355,Comedy,
355,Crime,
356,Comedy,
356,Action,
356,Thriller,
356,Crime,
356,Drama,
357,Comedy,
357,Thriller,
357,Crime,
358,Comedy,
358,Drama,
359,Comedy,
359,Crime,
360,Comedy,
361,Comedy,
361,Adventure,
362,Comedy,
362,Thriller,
362,Crime,
363,Comedy,
363,Drama,
364,Comedy,
364,Adventure,
365,Comedy,
366,Comedy,
366,Adventure,
366,Action,
367,Comedy,
367,Thriller,
367,Drama,
368,Comedy,
369,Comedy,
369,Drama,
370,Comedy,
371,Comedy,
371,Drama,
372,Comedy,
373,Comedy,
373,Drama,
374,Comedy,
375,Comedy,
376,Comedy,
376,Thriller,
377,Comedy,
377,Drama,
378,Comedy,
378,Crime,
378,Drama,
379,Comedy,
379,Drama,
380,Comedy,
380,Adventure,
381,Comedy,
381,Adventure,
382,Comedy,
383,Comedy,
383,Horror,
383,Action,
383,Thriller,
384,Comedy,
384,Crime,
385,Comedy,
385,Drama,
386,Comedy,
386,Horror,
386,Crime,
387,Comedy,
388,Comedy,
388,Drama,
389,Comedy,
389,Drama,
390,Comedy,
390,Drama,
391,Comedy,
391,Action,
391,Thriller,
392,Comedy,
392,Adventure,
393,Comedy,
393,Drama,
394,Comedy,
395,Comedy,
396,Comedy,
397,Comedy,
397,Crime,
398,Comedy,
399,Comedy,
399,Thriller,
399,Crime,
400,Comedy,
400,Drama,
401,Comedy,
401,Drama,
402,Comedy,
402,Adventure,
403,Comedy,
403,Crime,
403,Drama,
404,Comedy,
405,Comedy,
405,Crime,
406,Comedy,
406,Drama,
407,Comedy,
407,Adventure,
407,Action,
408,Comedy,
409,Comedy,
409,Adventure,
409,Drama,
410,Comedy,
411,Comedy,
411,Adventure,
411,Action,
412,Comedy,
413,Comedy,
413,Horror,
414,Comedy,
414,Horror,
415,Comedy,
415,Crime,
416,Comedy,
416,Horror,
416,Action,
416,Thriller,
417,Comedy,
417,Drama,
418,Comedy,
418,Adventure,
419,Comedy,
420,Comedy,
420,Adventure,
421,Comedy,
421,Crime,
422,Comedy,
423,Comedy,
423,Drama,
424,Comedy,
424,Action,
425,Comedy,
425,Horror,
426,Comedy,
426,Adventure,
426,Action,
426,Drama,
427,Comedy,
427,Drama,
428,Comedy,
428,Thriller,
429,Comedy,
430,Comedy,
430,Drama,
431,Comedy,
432,Comedy,
433,Comedy,
433,Action,
434,Comedy,
434,Drama,
435,Comedy,
435,Horror,
435,Action,
436,Comedy,
437,Comedy,
437,Adventure,
437,Action,
438,Comedy,
438,Adventure,
438,Drama,
439,Comedy,
439,Thriller,
439,Crime,
439,Drama,
440,Comedy,
440,Adventure,
441,Comedy,
442,Comedy,
442,Crime,
442,Drama,
443,Comedy,
443,Drama,
444,Comedy,
444,Crime,
445,Comedy,
446,Comedy,
446,Drama,
447,Comedy,
448,Comedy,
449,Comedy,
449,Drama,
450,Comedy,
451,Comedy,
451,Action,
452,Comedy,
452,Drama,
453,Comedy,
453,Horror,
454,Comedy,
454,Drama,
455,Comedy,
455,Drama,
456,Comedy,
457,Comedy,
458,Comedy,
459,Comedy,
459,Adventure,
460,Comedy,
460,Drama,
461,Comedy,
461,Adventure,
462,Comedy,
462,Horror,
462,Action,
463,Comedy,
464,Comedy,
465,Comedy,
466,Comedy,
466,Action,
467,Comedy,
467,Action,
468,Comedy,
468,Drama,
469,Comedy,
469,Thriller,
469,Crime,
470,Comedy,
470,Drama,
471,Comedy,
471,Action,
471,Thriller,
471,Crime,
471,Drama,
472,Comedy,
473,Comedy,
473,Drama,
474,Comedy,
474,Adventure,
475,Comedy,
476,Comedy,
477,Comedy,
477,Adventure,
478,Comedy,
478,Crime,
479,Comedy,
480,Comedy,
480,Thriller,
480,Drama,
481,Comedy,
482,Comedy,
483,Comedy,
483,Adventure,
483,Action,
483,Crime,
484,Comedy,
484,Adventure,
484,Action,
485,Comedy,
485,Drama,
486,Comedy,
486,Drama,
487,Comedy,
487,Adventure,
488,Comedy,
488,Action,
488,Thriller,
489,Comedy,
490,Comedy,
490,Drama,
491,Comedy,
491,Drama,
492,Comedy,
493,Comedy,
493,Drama,
494,Comedy,
494,Action,
495,Comedy,
496,Comedy,
496,Adventure,
496,Action,
497,Comedy,
497,Action,
497,Crime,
498,Comedy,
499,Comedy,
500,Comedy,
500,Drama,
501,Comedy,
501,Crime,
502,Comedy,
503,Comedy,
503,Action,
504,Comedy,
504,Adventure,
505,Comedy,
505,Horror,
506,Comedy,
506,Adventure,
506,Drama,
507,Comedy,
507,Crime,
508,Comedy,
508,Horror,
509,Comedy,
510,Comedy,
511,Comedy,
511,Action,
512,Comedy,
512,Drama,
513,Comedy,
514,Comedy,
514,Crime,
515,Comedy,
515,Crime,
515,Drama,
516,Comedy,
516,Crime,
517,Comedy,
518,Comedy,
519,Comedy,
519,Horror,
519,Thriller,
520,Comedy,
521,Comedy,
521,Drama,
522,Comedy,
522,Action,
522,Crime,
523,Comedy,
523,Horror,
524,Comedy,
525,Comedy,
525,Horror,
526,Comedy,
526,Drama,
527,Comedy,
527,Drama,
528,Adventure,
528,Action,
529,Adventure,
529,Action,
530,Adventure,
530,Drama,
531,Adventure,
531,Action,
532,Adventure,
532,Action,
532,Thriller,
532,Drama,
533,Adventure,
533,Action,
534,Adventure,
534,Action,
535,Adventure,
535,Drama,
536,Adventure,
536,Drama,
537,Adventure,
537,Action,
538,Adventure,
538,Thriller,
538,Drama,
539,Adventure,
539,Drama,
540,Adventure,
541,Adventure,
541,Action,
541,Drama,
542,Adventure,
543,Adventure,
543,Action,
544,Adventure,
544,Horror,
544,Thriller,
545,Adventure,
545,Action,
545,Drama,
546,Adventure,
546,Action,
547,Adventure,
547,Drama,
548,Adventure,
548,Action,
549,Adventure,
550,Adventure,
550,Horror,
550,Action,
550,Thriller,
551,Adventure,
551,Drama,
552,Adventure,
552,Horror,
552,Action,
553,Adventure,
553,Action,
553,Thriller,
554,Adventure,
554,Action,
554,Thriller,
554,Drama,
555,Adventure,
555,Action,
556,Adventure,
556,Action,
556,Thriller,
557,Adventure,
557,Action,
557,Thriller,
558,Adventure,
558,Action,
558,Thriller,
558,Drama,
559,Adventure,
559,Action,
559,Thriller,
560,Adventure,
560,Action,
561,Adventure,
561,Action,
562,Adventure,
562,Action,
563,Adventure,
563,Action,
563,Thriller,
564,Adventure,
564,Action,
564,Drama,
565,Adventure,
565,Thriller,
565,Drama,
566,Adventure,
566,Action,
566,Thriller,
566,Drama,
567,Adventure,
567,Action,
567,Thriller,
568,Adventure,
568,Action,
568,Drama,
569,Adventure,
569,Action,
570,Adventure,
570,Action,
570,Thriller,
570,Drama,
571,Adventure,
571,Action,
572,Adventure,
572,Action,
573,Adventure,
574,Adventure,
574,Action,
574,Thriller,
575,Adventure,
575,Action,
576,Adventure,
576,Drama,
577,Adventure,
577,Action,
578,Adventure,
578,Horror,
578,Thriller,
579,Adventure,
579,Action,
580,Adventure,
580,Action,
581,Adventure,
581,Action,
582,Adventure,
582,Action,
583,Adventure,
583,Action,
584,Adventure,
585,Adventure,
585,Action,
586,Adventure,
586,Horror,
586,Action,
586,Thriller,
587,Adventure,
587,Action,
588,Adventure,
588,Action,
588,Thriller,
589,Adventure,
589,Action,
590,Adventure,
590,Horror,
590,Action,
590,Thriller,
591,Adventure,
591,Action,
591,Thriller,
592,Adventure,
592,Drama,
593,Adventure,
593,Thriller,
593,Drama,
594,Adventure,
594,Thriller,
595,Adventure,
595,Action,
595,Thriller,
596,Adventure,
596,Action,
596,Thriller,
596,Crime,
597,Adventure,
597,Action,
598,Adventure,
598,Action,
599,Adventure,
600,Adventure,
600,Action,
601,Adventure,
601,Action,
602,Adventure,
602,Action,
603,Adventure,
603,Drama,
604,Adventure,
604,Action,
605,Adventure,
605,Action,
605,Thriller,
606,Adventure,
606,Action,
607,Adventure,
607,Drama,
608,Adventure,
608,Action,
608,Drama,
609,Adventure,
609,Drama,
610,Adventure,
610,Action,
611,Adventure,
611,Thriller,
611,Drama,
612,Adventure,
612,Action,
613,Adventure,
613,Action,
614,Adventure,
614,Action,
614,Drama,
615,Adventure,
615,Horror,
615,Action,
615,Thriller,
616,Adventure,
616,Action,
616,Thriller,
617,Adventure,
618,Adventure,
618,Action,
619,Adventure,
619,Action,
619,Thriller,
620,Adventure,
620,Action,
621,Adventure,
621,Horror,
621,Action,
622,Adventure,
622,Action,
623,Adventure,
623,Action,
623,Drama,
624,Adventure,
624,Action,
624,Thriller,
625,Adventure,
625,Drama,
626,Adventure,
626,Horror,
626,Action,
627,Adventure,
627,Action,
628,Adventure,
628,Action,
629,Adventure,
630,Adventure,
630,Action,
630,Drama,
631,Adventure,
631,Action,
631,Thriller,
631,Crime,
631,Drama,
632,Adventure,
632,Action,
633,Adventure,
633,Action,
633,Thriller,
634,Adventure,
634,Action,
634,Thriller,
635,Adventure,
635,Thriller,
635,Drama,
636,Horror,
636,Action,
637,Horror,
637,Thriller,
638,Horror,
639,Horror,
640,Horror,
640,Thriller,
641,Horror,
641,Action,
641,Drama,
642,Horror,
642,Thriller,
642,Drama,
643,Horror,
643,Drama,
644,Horror,
644,Thriller,
645,Horror,
645,Thriller,
646,Horror,
646,Action,
646,Thriller,
647,Horror,
647,Thriller,
647,Drama,
648,Horror,
648,Action,
648,Thriller,
649,Horror,
649,Action,
649,Thriller,
649,Drama,
650,Horror,
650,Action,
651,Horror,
651,Thriller,
652,Horror,
652,Thriller,
653,Horror,
653,Thriller,
654,Horror,
655,Horror,
656,Horror,
656,Action,
656,Thriller,
657,Horror,
657,Thriller,
657,Drama,
658,Horror,
659,Horror,
659,Action,
659,Thriller,
660,Horror,
660,Thriller,
660,Crime,
660,Drama,
661,Horror,
661,Thriller,
661,Drama,
662,Horror,
662,Action,
662,Thriller,
662,Crime,
662,Drama,
663,Horror,
663,Thriller,
664,Horror,
665,Horror,
665,Thriller,
666,Horror,
666,Thriller,
667,Horror,
667,Thriller,
668,Horror,
668,Thriller,
669,Horror,
669,Thriller,
670,Horror,
670,Action,
670,Thriller,
671,Horror,
671,Thriller,
671,Drama,
672,Horror,
672,Thriller,
673,Horror,
674,Horror,
674,Thriller,
675,Horror,
676,Horror,
676,Thriller,
676,Crime,
676,Drama,
677,Horror,
677,Thriller,
677,Drama,
678,Horror,
678,Action,
678,Thriller,
678,Drama,
679,Horror,
679,Thriller,
680,Horror,
680,Thriller,
681,Horror,
682,Horror,
683,Horror,
683,Action,
683,Drama,
684,Horror,
684,Thriller,
685,Horror,
685,Thriller,
686,Horror,
686,Action,
686,Thriller,
687,Horror,
687,Action,
688,Horror,
688,Thriller,
689,Horror,
689,Thriller,
689,Crime,
689,Drama,
690,Horror,
690,Action,
690,Thriller,
691,Horror,
691,Action,
692,Horror,
693,Horror,
693,Action,
693,Thriller,
694,Horror,
694,Action,
694,Thriller,
695,Horror,
695,Thriller,
696,Horror,
696,Action,
696,Thriller,
697,Horror,
698,Horror,
698,Thriller,
699,Horror,
699,Thriller,
700,Horror,
700,Thriller,
701,Horror,
701,Thriller,
702,Horror,
703,Horror,
703,Thriller,
704,Horror,
704,Action,
704,Thriller,
705,Horror,
705,Thriller,
705,Drama,
706,Horror,
706,Action,
706,Thriller,
707,Horror,
707,Thriller,
707,Drama,
708,Horror,
708,Action,
708,Thriller,
709,Horror,
709,Action,
709,Thriller,
710,Horror,
710,Drama,
711,Horror,
711,Thriller,
712,Horror,
713,Horror,
713,Thriller,
714,Horror,
714,Thriller,
714,Drama,
715,Horror,
715,Action,
715,Thriller,
716,Horror,
716,Thriller,
716,Drama,
717,Action,
718,Action,
718,Drama,
719,Action,
719,Thriller,
720,Action,
720,Thriller,
720,Crime,
721,Action,
721,Drama,
722,Action,
722,Thriller,
722,Crime,
722,Drama,
723,Action,
723,Thriller,
723,Crime,
723,Drama,
724,Action,
724,Drama,
725,Action,
725,Thriller,
726,Action,
727,Action,
727,Thriller,
728,Action,
728,Drama,
729,Action,
730,Action,
730,Thriller,
730,Drama,
731,Action,
731,Thriller,
732,Action,
732,Thriller,
732,Drama,
733,Action,
734,Action,
734,Crime,
734,Drama,
735,Action,
735,Drama,
736,Action,
736,Drama,
737,Action,
738,Action,
739,Action,
739,Thriller,
740,Action,
740,Drama,
741,Action,
741,Crime,
741,Drama,
742,Action,
742,Thriller,
742,Drama,
743,Action,
744,Action,
744,Drama,
745,Action,
745,Thriller,
745,Crime,
746,Action,
746,Thriller,
746,Drama,
747,Action,
747,Thriller,
747,Crime,
747,Drama,
748,Action,
748,Crime,
748,Drama,
749,Action,
749,Crime,
749,Drama,
750,Action,
750,Thriller,
750,Crime,
750,Drama,
751,Action,
751,Thriller,
751,Crime,
751,Drama,
752,Action,
752,Thriller,
752,Crime,
753,Action,
753,Thriller,
753,Drama,
754,Action,
754,Thriller,
755,Action,
756,Action,
756,Thriller,
756,Crime,
757,Action,
758,Action,
758,Thriller,
759,Action,
759,Thriller,
760,Action,
760,Thriller,
760,Drama,
761,Action,
761,Thriller,
761,Crime,
761,Drama,
762,Action,
762,Thriller,
762,Crime,
762,Drama,
763,Action,
763,Thriller,
763,Crime,
763,Drama,
764,Action,
764,Thriller,
764,Crime,
765,Action,
765,Thriller,
766,Action,
767,Action,
767,Thriller,
767,Drama,
768,Action,
768,Thriller,
768,Crime,
768,Drama,
769,Action,
769,Thriller,
769,Crime,
769,Drama,
770,Action,
770,Drama,
771,Action,
771,Thriller,
771,Crime,
772,Action,
772,Thriller,
772,Crime,
772,Drama,
773,Action,
773,Drama,
774,Action,
774,Thriller,
774,Drama,
775,Action,
775,Thriller,
775,Crime,
775,Drama,
776,Action,
777,Action,
777,Thriller,
778,Action,
778,Crime,
779,Action,
779,Thriller,
779,Drama,
780,Action,
780,Thriller,
780,Crime,
780,Drama,
781,Action,
781,Thriller,
781,Crime,
782,Action,
782,Thriller,
782,Crime,
783,Action,
783,Crime,
783,Drama,
784,Action,
784,Thriller,
784,Crime,
784,Drama,
785,Action,
785,Thriller,
786,Action,
786,Crime,
787,Action,
787,Thriller,
787,Crime,
788,Action,
788,Drama,
789,Action,
789,Thriller,
790,Action,
791,Action,
791,Thriller,
792,Action,
792,Thriller,
793,Action,
793,Thriller,
793,Crime,
794,Action,
794,Thriller,
794,Crime,
795,Action,
795,Thriller,
795,Crime,
796,Action,
796,Thriller,
797,Action,
797,Crime,
798,Action,
798,Thriller,
799,Action,
799,Thriller,
800,Action,
801,Action,
801,Thriller,
801,Crime,
801,Drama,
802,Action,
802,Drama,
803,Action,
803,Thriller,
804,Action,
804,Thriller,
804,Drama,
805,Action,
805,Thriller,
805,Crime,
805,Drama,
806,Action,
806,Drama,
807,Action,
807,Drama,
808,Action,
808,Thriller,
809,Action,
809,Crime,
810,Action,
810,Thriller,
810,Crime,
810,Drama,
811,Action,
811,Drama,
812,Action,
812,Thriller,
812,Crime,
812,Drama,
813,Action,
813,Thriller,
814,Action,
814,Thriller,
815,Action,
815,Thriller,
815,Drama,
816,Action,
816,Crime,
817,Action,
817,Drama,
818,Action,
818,Thriller,
818,Drama,
819,Action,
819,Thriller,
819,Crime,
820,Action,
820,Thriller,
821,Action,
821,Drama,
822,Action,
822,Thriller,
822,Crime,
823,Action,
823,Thriller,
823,Drama,
824,Action,
824,Thriller,
824,Drama,
825,Action,
825,Drama,
826,Action,
826,Thriller,
827,Action,
827,Crime,
827,Drama,
828,Action,
828,Thriller,
829,Action,
829,Thriller,
830,Action,
830,Thriller,
831,Thriller,
831,Crime,
832,Thriller,
832,Drama,
833,Thriller,
833,Drama,
834,Thriller,
834,Drama,
835,Thriller,
835,Drama,
836,Thriller,
836,Crime,
836,Drama,
837,Thriller,
837,Crime,
837,Drama,
838,Thriller,
838,Crime,
838,Drama,
839,Thriller,
839,Drama,
840,Thriller,
840,Crime,
840,Drama,
841,Thriller,
842,Thriller,
842,Drama,
843,Thriller,
843,Crime,
843,Drama,
844,Thriller,
844,Crime,
844,Drama,
845,Thriller,
845,Drama,
846,Thriller,
846,Drama,
847,Thriller,
847,Drama,
848,Thriller,
848,Crime,
848,Drama,
849,Thriller,
849,Crime,
849,Drama,
850,Thriller,
850,Drama,
851,Thriller,
851,Crime,
851,Drama,
852,Thriller,
853,Thriller,
853,Crime,
853,Drama,
854,Thriller,
854,Crime,
854,Drama,
855,Thriller,
855,Drama,
856,Thriller,
856,Crime,
856,Drama,
857,Thriller,
858,Thriller,
858,Crime,
858,Drama,
859,Thriller,
859,Crime,
859,Drama,
860,Thriller,
860,Crime,
860,Drama,
861,Thriller,
861,Drama,
862,Thriller,
862,Drama,
863,Thriller,
864,Thriller,
864,Drama,
865,Thriller,
865,Crime,
865,Drama,
866,Thriller,
866,Crime,
866,Drama,
867,Thriller,
867,Crime,
867,Drama,
868,Thriller,
868,Drama,
869,Thriller,
869,Drama,
870,Thriller,
870,Drama,
871,Thriller,
871,Drama,
872,Thriller,
872,Crime,
872,Drama,
873,Thriller,
873,Drama,
874,Thriller,
874,Drama,
875,Thriller,
875,Drama,
876,Thriller,
876,Drama,
877,Thriller,
877,Drama,
878,Thriller,
878,Drama,
879,Thriller,
879,Drama,
880,Thriller,
880,Crime,
880,Drama,
881,Thriller,
881,Crime,
881,Drama,
882,Thriller,
882,Crime,
882,Drama,
883,Thriller,
883,Crime,
883,Drama,
884,Thriller,
884,Crime,
884,Drama,
885,Thriller,
886,Thriller,
886,Drama,
887,Thriller,
888,Thriller,
888,Crime,
888,Drama,
889,Thriller,
889,Drama,
890,Thriller,
890,Crime,
890,Drama,
891,Thriller,
891,Crime,
891,Drama,
892,Thriller,
892,Crime,
893,Thriller,
893,Drama,
894,Thriller,
895,Thriller,
895,Drama,
896,Thriller,
896,Drama,
897,Thriller,
897,Crime,
897,Drama,
898,Thriller,
899,Thriller,
900,Thriller,
900,Crime,
900,Drama,
901,Thriller,
901,Crime,
901,Drama,
902,Thriller,
902,Crime,
902,Drama,
903,Thriller,
903,Drama,
904,Thriller,
904,Drama,
905,Thriller,
905,Crime,
905,Drama,
906,Thriller,
906,Crime,
906,Drama,
907,Thriller,
907,Drama,
908,Crime,
908,Drama,
909,Crime,
909,Drama,
910,Crime,
910,Drama,
911,Crime,
911,Drama,
912,Crime,
912,Drama,
913,Crime,
913,Drama,
914,Crime,
914,Drama,
915,Crime,
915,Drama,
916,Crime,
916,Drama,
917,Crime,
918,Crime,
918,Drama,
919,Crime,
919,Drama,
920,Crime,
920,Drama,
921,Crime,
921,Drama,
922,Crime,
922,Drama,
923,Crime,
923,Drama,
924,Crime,
924,Drama,
925,Crime,
925,Drama,
926,Crime,
926,Drama,
927,Crime,
927,Drama,
928,Crime,
928,Drama,
929,Crime,
929,Drama,
930,Crime,
930,Drama,
931,Crime,
931,Drama,
932,Crime,
932,Drama,
933,Crime,
933,Drama,
934,Crime,
934,Drama,
935,Drama,
936,Drama,
937,Drama,
938,Drama,
939,Drama,
940,Drama,
941,Drama,
942,Drama,
943,Drama,
944,Drama,
945,Drama,
946,Drama,
947,Drama,
948,Drama,
949,Drama,
950,Drama,
951,Drama,
952,Drama,
953,Drama,
954,Drama,
955,Drama,
956,Drama,
957,Drama,
958,Drama,
959,Drama,
960,Drama,
961,Drama,
962,Drama,
963,Drama,
964,Drama,
965,Drama,
966,Drama,
967,Drama,
968,Drama,
969,Drama,
970,Drama,
971,Drama,
972,Drama,
973,Drama,
974,Drama,
975,Drama,
976,Drama,
977,Drama,
978,Drama,
979,Drama,
980,Drama,
981,Drama,
982,Drama,
983,Drama,
984,Drama,
985,Drama,
986,Drama,
987,Drama,
988,Drama,
989,Drama,
990,Drama,
991,Drama,
992,Drama,
993,Drama,
994,Drama,
995,Drama,
996,Drama,
997,Drama,
998,Drama,
999,Drama,
1000,Drama,
1001,Drama,
1002,Drama,
1003,Drama,
1004,Drama,
1005,Drama,
1006,Drama,
1007,Drama,
1008,Drama,
1009,Drama,
1010,Drama,
1011,Drama,
1012,Drama,
1013,Drama,
1014,Drama,
1015,Drama,
1016,Drama,
1017,Drama,
1018,Drama,
1019,Drama,
1020,Drama,
1021,Drama,
1022,Drama,
1023,Drama,
1024,Drama,
1025,Drama,
1026,Drama,
1027,Drama,
1028,Drama,
1029,Drama,
1030,Drama,
1031,Drama,
1032,Drama,
1033,Drama,
1034,Drama,
1035,Drama,
1036,Drama,
1037,Drama,
1038,Drama,
1039,Drama,
1040,Drama,
1041,Drama,
1042,Drama,
1043,Drama,
1044,Drama,
1045,Drama,
1046,Drama,
1047,Drama,
1048,Drama,
1049,Drama,
1050,Drama,
1051,Drama,
1052,Drama,
1053,Drama,
1054,Drama,
1055,Drama,
1056,Drama,
1057,Drama,
1058,Drama,
1059,Drama,
1060,Drama,
1061,Drama,
